firstname,middleInitial,lastname,username,email,streetaddress,city,zipcode,state,country,department,password,telephone,jobtitle,company,ou
a'isha,a,joseph,,,,,,,,,,,,,
a'ishah,a,josephpauline,,,,,,,,,,,,,
a-jay,a,josephs,,,,,,,,,,,,,
aa'isha,a,josephsen,,,,,,,,,,,,,
aa'ishah,a,josephson,,,,,,,,,,,,,
aaban,a,josephsson,,,,,,,,,,,,,
aabas,a,josey,,,,,,,,,,,,,
aabha,a,joshi,,,,,,,,,,,,,
aabia,a,joshlin,,,,,,,,,,,,,
aabid,a,joshua,,,,,,,,,,,,,
aabidah,a,josiah,,,,,,,,,,,,,
aabidammar,a,josias,,,,,,,,,,,,,
aabir,a,josic,,,,,,,,,,,,,
aabriella,a,josich,,,,,,,,,,,,,
aachal,a,josilowsky,,,,,,,,,,,,,
aad,a,joslin,,,,,,,,,,,,,
aada,a,joslyn,,,,,,,,,,,,,
aadam,a,josnyel,,,,,,,,,,,,,
aadan,a,joss,,,,,,,,,,,,,
aadarsh,a,jossa,,,,,,,,,,,,,
aadaya,a,josselyn,,,,,,,,,,,,,
aaden,a,jossey,,,,,,,,,,,,,
aadesh,a,jossund,,,,,,,,,,,,,
aadham,a,jost,,,,,,,,,,,,,
aadhan,a,josten,,,,,,,,,,,,,
aadhav,a,jostes,,,,,,,,,,,,,
aadhavan,a,jostun,,,,,,,,,,,,,
aadhi,a,josue,,,,,,,,,,,,,
aadhira,a,joswick,,,,,,,,,,,,,
aadhiran,a,jotblad,,,,,,,,,,,,,
aadhish,a,joto,,,,,,,,,,,,,
aadhith,a,jotyi,,,,,,,,,,,,,
aadhithya,a,jou,,,,,,,,,,,,,
aadhrith,a,joubert,,,,,,,,,,,,,
aadhvik,a,joulwan,,,,,,,,,,,,,
aadhvika,a,joun,,,,,,,,,,,,,
aadhya,a,joung,,,,,,,,,,,,,
aadhyan,a,jourdain,,,,,,,,,,,,,
aadhyareddy,a,jourdan,,,,,,,,,,,,,
aadhyasri,a,journeay,,,,,,,,,,,,,
aadi,a,journell,,,,,,,,,,,,,
aadian,a,journet,,,,,,,,,,,,,
aadil,a,journigan,,,,,,,,,,,,,
aadila,a,journot,,,,,,,,,,,,,
aadilynn,a,jovanovic,,,,,,,,,,,,,
aadin,a,jovanovich,,,,,,,,,,,,,
aadirath,a,jove,,,,,,,,,,,,,
aadish,a,jovel,,,,,,,,,,,,,
aadishiv,a,jover,,,,,,,,,,,,,
aadison,a,jovich,,,,,,,,,,,,,
aadit,a,jowell,,,,,,,,,,,,,
aadith,a,jowers,,,,,,,,,,,,,
aadithya,a,jowett,,,,,,,,,,,,,
aaditiya,a,joy,,,,,,,,,,,,,
aaditri,a,joya,,,,,,,,,,,,,
aaditya,a,joyaa,,,,,,,,,,,,,
aadityaram,a,joyal,,,,,,,,,,,,,
aadiv,a,joyate,,,,,,,,,,,,,
aadje,a,joyce,,,,,,,,,,,,,
aadm,a,joye,,,,,,,,,,,,,
aadon,a,joyne,,,,,,,,,,,,,
aadrian,a,joyner,,,,,,,,,,,,,
aadrika,a,joyner-jordan,,,,,,,,,,,,,
aadrit,a,joynes,,,,,,,,,,,,,
aadrith,a,joynson,,,,,,,,,,,,,
aadriti,a,joynt,,,,,,,,,,,,,
aadu,a,joyti,,,,,,,,,,,,,
aadvi,a,jozsa,,,,,,,,,,,,,
aadvik,a,jozwiak,,,,,,,,,,,,,
aadvika,a,jozwick,,,,,,,,,,,,,
aadya,a,ju,,,,,,,,,,,,,
aadyan,a,juaire,,,,,,,,,,,,,
aadyant,a,juan,,,,,,,,,,,,,
aadyanth,a,juan-marcus,,,,,,,,,,,,,
aadyn,a,juandoo,,,,,,,,,,,,,
aaeedah,a,juanes,,,,,,,,,,,,,
aaeesha,a,juanico,,,,,,,,,,,,,
aaella,a,juanis,,,,,,,,,,,,,
aaeryn,a,juarbe,,,,,,,,,,,,,
aaf,a,juares,,,,,,,,,,,,,
aafi,a,juarez,,,,,,,,,,,,,
aafia,a,juarez-alvarez,,,,,,,,,,,,,
aafiya,a,juarez-avila,,,,,,,,,,,,,
aafiyah,a,juariqui,,,,,,,,,,,,,
aafke,a,juart,,,,,,,,,,,,,
aafkea,a,juba,,,,,,,,,,,,,
aafko,a,juback,,,,,,,,,,,,,
aafreen,a,jubaira,,,,,,,,,,,,,
aafrin,a,jubb,,,,,,,,,,,,,
aaftab,a,jubed,,,,,,,,,,,,,
aagam,a,jubeda,,,,,,,,,,,,,
aagand,a,jubeh,,,,,,,,,,,,,
aagat,a,juber,,,,,,,,,,,,,
aage,a,jubert,,,,,,,,,,,,,
aagje,a,jubic,,,,,,,,,,,,,
aagman,a,jubie,,,,,,,,,,,,,
aagna,a,jubilee,,,,,,,,,,,,,
aagot,a,jubin,,,,,,,,,,,,,
aagoth,a,jubinville,,,,,,,,,,,,,
aahaan,a,jubran,,,,,,,,,,,,,
aahad,a,jubyna,,,,,,,,,,,,,
aahan,a,jucean,,,,,,,,,,,,,
aahana,a,juckett,,,,,,,,,,,,,
aaheli,a,jud,,,,,,,,,,,,,
aahil,a,juda,,,,,,,,,,,,,
aahiluddin,a,judah,,,,,,,,,,,,,
aahim,a,judd,,,,,,,,,,,,,
aahir,a,jude,,,,,,,,,,,,,
aahliyah,a,judice,,,,,,,,,,,,,
aahna,a,judie,,,,,,,,,,,,,
aahron,a,judkins,,,,,,,,,,,,,
aahyan,a,judon,,,,,,,,,,,,,
aaidah,a,judson,,,,,,,,,,,,,
aaidan,a,judy,,,,,,,,,,,,,
aaiden,a,jue,,,,,,,,,,,,,
aaidyn,a,juedes,,,,,,,,,,,,,
aaila,a,juel,,,,,,,,,,,,,
aailiyah,a,juelfs,,,,,,,,,,,,,
aailyah,a,juelich,,,,,,,,,,,,,
aaima,a,juell,,,,,,,,,,,,,
aaina,a,juen,,,,,,,,,,,,,
aaira,a,juenemann,,,,,,,,,,,,,
aairah,a,juenger,,,,,,,,,,,,,
aaisha,a,juengling,,,,,,,,,,,,,
aaishah,a,juergens,,,,,,,,,,,,,
aaiyana,a,juett,,,,,,,,,,,,,
aaiza,a,jufer,,,,,,,,,,,,,
aaizah,a,jugan,,,,,,,,,,,,,
aaja,a,jugani,,,,,,,,,,,,,
aajah,a,jugo,,,,,,,,,,,,,
aajaylah,a,juhas,,,,,,,,,,,,,
aajiv,a,juhasz,,,,,,,,,,,,,
aajon,a,juhewuddin,,,,,,,,,,,,,
aakanksha,a,juhi,,,,,,,,,,,,,
aakarsh,a,juhl,,,,,,,,,,,,,
aakas,a,juhnke,,,,,,,,,,,,,
aakash,a,jui,,,,,,,,,,,,,
aakeem,a,juilfs,,,,,,,,,,,,,
aakif,a,jukes,,,,,,,,,,,,,
aakifa,a,jukich,,,,,,,,,,,,,
aakifah,a,julander,,,,,,,,,,,,,
aakil,a,julbe,,,,,,,,,,,,,
aakilah,a,julca,,,,,,,,,,,,,
aakin,a,julee,,,,,,,,,,,,,
aakira,a,julen,,,,,,,,,,,,,
aakiyah,a,jules,,,,,,,,,,,,,
aakriti,a,julficar,,,,,,,,,,,,,
aakruti,a,julfikaar,,,,,,,,,,,,,
aala,a,juli,,,,,,,,,,,,,
aalaa,a,julia,,,,,,,,,,,,,
aalaiya,a,julian,,,,,,,,,,,,,
aalaiyah,a,juliana,,,,,,,,,,,,,
aalam,a,juliano,,,,,,,,,,,,,
aalana,a,juliao,,,,,,,,,,,,,
aalanah,a,juliar,,,,,,,,,,,,,
aalani,a,julias,,,,,,,,,,,,,
aalap,a,julien,,,,,,,,,,,,,
aalasia,a,juliet,,,,,,,,,,,,,
aalaya,a,julio,,,,,,,,,,,,,
aalayah,a,julious,,,,,,,,,,,,,
aalayiah,a,julitz,,,,,,,,,,,,,
aalayjah,a,julius,,,,,,,,,,,,,
aalayna,a,juliusson,,,,,,,,,,,,,
aalaysha,a,julks,,,,,,,,,,,,,
aalaysia,a,jully,,,,,,,,,,,,,
aalbert,a,julme,,,,,,,,,,,,,
aalderich,a,julmice,,,,,,,,,,,,,
aalderk,a,julock,,,,,,,,,,,,,
aaldrik,a,julson,,,,,,,,,,,,,
aale,a,julsrud,,,,,,,,,,,,,
aalea,a,juluke,,,,,,,,,,,,,
aaleah,a,julye,,,,,,,,,,,,,
aaleahya,a,jumalon,,,,,,,,,,,,,
aaleayah,a,jumbo,,,,,,,,,,,,,
aaleen,a,jumman,,,,,,,,,,,,,
aaleena,a,jumonville,,,,,,,,,,,,,
aaleeya,a,jumper,,,,,,,,,,,,,
aaleeyah,a,jumrati,,,,,,,,,,,,,
aaleia,a,jun,,,,,,,,,,,,,
aaleiah,a,juna,,,,,,,,,,,,,
aaleigha,a,junaid,,,,,,,,,,,,,
aaleiya,a,juncaj,,,,,,,,,,,,,
aaleiyah,a,juncker,,,,,,,,,,,,,
aalena,a,junco,,,,,,,,,,,,,
aalexis,a,jund,,,,,,,,,,,,,
aalexus,a,jundt,,,,,,,,,,,,,
aaleya,a,juneau,,,,,,,,,,,,,
aaleyah,a,juneja,,,,,,,,,,,,,
aali,a,junes,,,,,,,,,,,,,
aalia,a,jung,,,,,,,,,,,,,
aaliah,a,jungbluth,,,,,,,,,,,,,
aaliana,a,jungck,,,,,,,,,,,,,
aalias,a,junge,,,,,,,,,,,,,
aaliayah,a,jungels,,,,,,,,,,,,,
aaliayh,a,jungen,,,,,,,,,,,,,
aalicia,a,jungers,,,,,,,,,,,,,
aaliegha,a,junghans,,,,,,,,,,,,,
aalieyah,a,jungling,,,,,,,,,,,,,
aaliha,a,jungman,,,,,,,,,,,,,
aalijah,a,jungquist,,,,,,,,,,,,,
aalilah,a,jungwirth,,,,,,,,,,,,,
aalim,a,junick,,,,,,,,,,,,,
aalimah,a,lawter,,,,,,,,,,,,,
aalina,a,lawther,,,,,,,,,,,,,
aalinah,a,lawton,,,,,,,,,,,,,
aalisa,a,lawver,,,,,,,,,,,,,
aalish,a,lawwill,,,,,,,,,,,,,
aalisha,a,lax,,,,,,,,,,,,,
aalivia,a,laxami,,,,,,,,,,,,,
aaliya,a,laxen,,,,,,,,,,,,,
aaliyaa,a,laxita,,,,,,,,,,,,,
chrishay,a,laxman,,,,,,,,,,,,,
chrishayla,a,laxmanram,,,,,,,,,,,,,
chrishea,a,laxmeena,,,,,,,,,,,,,
chrishell,a,laxmi,,,,,,,,,,,,,
chrishelle,a,laxminarain,,,,,,,,,,,,,
chrishiya,a,laxson,,,,,,,,,,,,,
chrishna,a,laxton,,,,,,,,,,,,,
chrisholm,a,laychock,,,,,,,,,,,,,
chrishon,a,laycock,,,,,,,,,,,,,
chrishona,a,laycox,,,,,,,,,,,,,
chrishonda,a,layden,,,,,,,,,,,,,
chrishonna,a,laye,,,,,,,,,,,,,
chrishun,a,layel,,,,,,,,,,,,,
chrishya,a,layell,,,,,,,,,,,,,
chrisi,a,layfield,,,,,,,,,,,,,
chrisie,a,layher,,,,,,,,,,,,,
chrisina,a,layhew,,,,,,,,,,,,,
chrisinda,a,layland,,,,,,,,,,,,,
chrisine,a,layman,,,,,,,,,,,,,
chrisitan,a,layme,,,,,,,,,,,,,
chrisitne,a,laymon,,,,,,,,,,,,,
chrisiyah,a,layne,,,,,,,,,,,,,
chrisje,a,layng,,,,,,,,,,,,,
chrislaine,a,layo,,,,,,,,,,,,,
chrisley,a,layous,,,,,,,,,,,,,
chrisly,a,layport,,,,,,,,,,,,,
chrislyn,a,layson,,,,,,,,,,,,,
chrislynn,a,layssard,,,,,,,,,,,,,
chrisma,a,layton,,,,,,,,,,,,,
chrisman,a,laytonsr,,,,,,,,,,,,,
chrisna,a,layva,,,,,,,,,,,,,
chrisopher,a,laza,,,,,,,,,,,,,
chrisotpher,a,lazaga,,,,,,,,,,,,,
chrisoula,a,lazalde,,,,,,,,,,,,,
chrispen,a,lazano,,,,,,,,,,,,,
chrispher,a,lazar,,,,,,,,,,,,,
chrispin,a,lazarczyk,,,,,,,,,,,,,
chriss,a,lazard,,,,,,,,,,,,,
chrissa,a,lazare,,,,,,,,,,,,,
chrissandra,a,lazares,,,,,,,,,,,,,
chrisse,a,lazarine,,,,,,,,,,,,,
chrissean,a,lazarini,,,,,,,,,,,,,
chrissette,a,lazaro,,,,,,,,,,,,,
chrissey,a,lazaroff,,,,,,,,,,,,,
chrisshanno,a,lazarre,,,,,,,,,,,,,
chrisshawn,a,lazarro,,,,,,,,,,,,,
chrissi,a,lazarski,,,,,,,,,,,,,
chrissiana,a,lazarte,,,,,,,,,,,,,
chrissie,a,lazarus,,,,,,,,,,,,,
chrissoula,a,lazarz,,,,,,,,,,,,,
chrissy,a,lazcano,,,,,,,,,,,,,
christa,a,lazenberry,,,,,,,,,,,,,
christabel,a,lazenby,,,,,,,,,,,,,
christabell,a,lazenson,,,,,,,,,,,,,
christabella,a,lazer,,,,,,,,,,,,,
christabelle,a,lazewski,,,,,,,,,,,,,
christafer,a,lazich,,,,,,,,,,,,,
christain,a,lazier,,,,,,,,,,,,,
christakis,a,lazio,,,,,,,,,,,,,
christal,a,lazo,,,,,,,,,,,,,
christale,a,lazo-gonzalez,,,,,,,,,,,,,
christalla,a,lazo-naranjo,,,,,,,,,,,,,
christalle,a,lazor,,,,,,,,,,,,,
christalyn,a,lazos,,,,,,,,,,,,,
christalynn,a,lazott,,,,,,,,,,,,,
christamaria,a,lazurek,,,,,,,,,,,,,
christan,a,lazusky,,,,,,,,,,,,,
christana,a,lazzar,,,,,,,,,,,,,
christann,a,lazzara,,,,,,,,,,,,,
christanna,a,lazzari,,,,,,,,,,,,,
christany,a,lazzaro,,,,,,,,,,,,,
christapher,a,lazzell,,,,,,,,,,,,,
christaphor,a,lazzeri,,,,,,,,,,,,,
christasha,a,lea,,,,,,,,,,,,,
christasia,a,leab,,,,,,,,,,,,,
christe,a,leabow,,,,,,,,,,,,,
christean,a,leach,,,,,,,,,,,,,
christeanna,a,leachiii,,,,,,,,,,,,,
christee,a,leachman,,,,,,,,,,,,,
christeen,a,leacock,,,,,,,,,,,,,
christeena,a,leadbeater,,,,,,,,,,,,,
christel,a,leadbetter,,,,,,,,,,,,,
christela,a,leadford,,,,,,,,,,,,,
christell,a,leadingham,,,,,,,,,,,,,
christella,a,leadley,,,,,,,,,,,,,
christelle,a,leadman,,,,,,,,,,,,,
christen,a,leady,,,,,,,,,,,,,
christena,a,leafe,,,,,,,,,,,,,
christene,a,leagjeld,,,,,,,,,,,,,
christenia,a,leah,,,,,,,,,,,,,
christensen,a,leahey,,,,,,,,,,,,,
christenson,a,leahman,,,,,,,,,,,,,
christepher,a,leahy,,,,,,,,,,,,,
christer,a,leaird,,,,,,,,,,,,,
christerfer,a,leak,,,,,,,,,,,,,
christerpher,a,leake,,,,,,,,,,,,,
christerphor,a,leakes,,,,,,,,,,,,,
christey,a,leaks,,,,,,,,,,,,,
christfried,a,leal,,,,,,,,,,,,,
christfriede,a,leaman,,,,,,,,,,,,,
christhard,a,leamer,,,,,,,,,,,,,
christhardt,a,leaming,,,,,,,,,,,,,
christhart,a,leamon,,,,,,,,,,,,,
christhelm,a,leamy,,,,,,,,,,,,,
christhian,a,leanard,,,,,,,,,,,,,
christhild,a,leander,,,,,,,,,,,,,
christhilde,a,leandre,,,,,,,,,,,,,
christhoper,a,leandro,,,,,,,,,,,,,
christhopher,a,leandry,,,,,,,,,,,,,
christi,a,leanen,,,,,,,,,,,,,
christia,a,leano,,,,,,,,,,,,,
christiaan,a,leanos,,,,,,,,,,,,,
christiam,a,leanza,,,,,,,,,,,,,
christian,a,leap,,,,,,,,,,,,,
christian-alexander,a,leaper,,,,,,,,,,,,,
christiana,a,leaphart,,,,,,,,,,,,,
christianah,a,leapheart,,,,,,,,,,,,,
christianalexan,a,lear,,,,,,,,,,,,,
christiananthon,a,leard,,,,,,,,,,,,,
christiandaniel,a,leardi,,,,,,,,,,,,,
christiane,a,learman,,,,,,,,,,,,,
christianjacob,a,leary,,,,,,,,,,,,,
christianjames,a,leas,,,,,,,,,,,,,
christianjay,a,leaser,,,,,,,,,,,,,
christianjohn,a,leash,,,,,,,,,,,,,
christianjoseph,a,leasher,,,,,,,,,,,,,
christianjoshua,a,leask,,,,,,,,,,,,,
christianmichae,a,leason,,,,,,,,,,,,,
christiann,a,leasor,,,,,,,,,,,,,
christianna,a,leasure,,,,,,,,,,,,,
christianne,a,leasy,,,,,,,,,,,,,
christiano,a,leath,,,,,,,,,,,,,
christianpaul,a,leatham,,,,,,,,,,,,,
christiansen,a,leatherberry,,,,,,,,,,,,,
christianson,a,leatherman,,,,,,,,,,,,,
christianus,a,leathers,,,,,,,,,,,,,
christie,a,leatherwood,,,,,,,,,,,,,
christieann,a,leaton,,,,,,,,,,,,,
christielee,a,leaty,,,,,,,,,,,,,
christien,a,leavell,,,,,,,,,,,,,
christiene,a,leavelle,,,,,,,,,,,,,
christienne,a,leaven,,,,,,,,,,,,,
christifer,a,leavengood,,,,,,,,,,,,,
christijan,a,leavens,,,,,,,,,,,,,
christin,a,leavenworth,,,,,,,,,,,,,
christina,a,leaver,,,,,,,,,,,,,
christina-marie,a,leaverton,,,,,,,,,,,,,
christina-may,a,leavigne,,,,,,,,,,,,,
christinamarie,a,leavins,,,,,,,,,,,,,
christine,a,leavitt,,,,,,,,,,,,,
christinea,a,leavy,,,,,,,,,,,,,
christineanne,a,leazer,,,,,,,,,,,,,
christinejoy,a,lebahn,,,,,,,,,,,,,
christineke,a,leban,,,,,,,,,,,,,
christinemarie,a,lebarge,,,,,,,,,,,,,
christing,a,lebario,,,,,,,,,,,,,
christinia,a,lebaron,,,,,,,,,,,,,
christinna,a,lebarr,,,,,,,,,,,,,
christino,a,lebarron,,,,,,,,,,,,,
christion,a,lebaugh,,,,,,,,,,,,,
christiona,a,lebay,,,,,,,,,,,,,
christionna,a,lebby,,,,,,,,,,,,,
christiopher,a,lebeau,,,,,,,,,,,,,
christipher,a,lebeaux,,,,,,,,,,,,,
christis,a,lebeck,,,,,,,,,,,,,
christiyana,a,lebeda,,,,,,,,,,,,,
christl,a,lebedeff,,,,,,,,,,,,,
christle,a,lebel,,,,,,,,,,,,,
christler,a,leben,,,,,,,,,,,,,
christliebe,a,lebeouf,,,,,,,,,,,,,
christly,a,leber,,,,,,,,,,,,,
christlyn,a,leberman,,,,,,,,,,,,,
christlynn,a,lebert,,,,,,,,,,,,,
christman,a,leberte,,,,,,,,,,,,,
christmann,a,lebish,,,,,,,,,,,,,
christmut,a,lebitski,,,,,,,,,,,,,
christna,a,leblanc,,,,,,,,,,,,,
christne,a,leblane,,,,,,,,,,,,,
christner,a,lebleu,,,,,,,,,,,,,
christo,a,lebling,,,,,,,,,,,,,
christobal,a,leblond,,,,,,,,,,,,,
christobel,a,lebo,,,,,,,,,,,,,
christodoulos,a,leboeuf,,,,,,,,,,,,,
christof,a,lebohner,,,,,,,,,,,,,
christofer,a,lebold,,,,,,,,,,,,,
christoff,a,lebon,,,,,,,,,,,,,
christoffel,a,lebouef,,,,,,,,,,,,,
christoffer,a,lebouf,,,,,,,,,,,,,
christofher,a,lebourgeois,,,,,,,,,,,,,
christofili,a,lebovic,,,,,,,,,,,,,
christoforo,a,lebow,,,,,,,,,,,,,
christoforos,a,lebowitz,,,,,,,,,,,,,
christoher,a,lebrane,,,,,,,,,,,,,
christohper,a,lebrecht,,,,,,,,,,,,,
christohpher,a,lebrecque,,,,,,,,,,,,,
christol,a,lebroke,,,,,,,,,,,,,
christola,a,lebron,,,,,,,,,,,,,
christon,a,lebron-catala,,,,,,,,,,,,,
christoopher,a,lebron-jimenez,,,,,,,,,,,,,
christop,a,lebrun,,,,,,,,,,,,,
christopehr,a,lebsack,,,,,,,,,,,,,
christoper,a,lebsock,,,,,,,,,,,,,
christoph,a,lecain,,,,,,,,,,,,,
christophe,a,lecaros,,,,,,,,,,,,,
christophel,a,lecates,,,,,,,,,,,,,
christophen,a,lecato,,,,,,,,,,,,,
christopher,a,lecea,,,,,,,,,,,,,
christopher-james,a,lech,,,,,,,,,,,,,
christopher-jay,a,lechel,,,,,,,,,,,,,
christopher-john,a,lechelt,,,,,,,,,,,,,
christopher-joseph,a,lecher,,,,,,,,,,,,,
christopher-junior,a,lechlak,,,,,,,,,,,,,
christopher-lee,a,lechleidner,,,,,,,,,,,,,
christopher-scott,a,lechler,,,,,,,,,,,,,
christopheranth,a,lechliter,,,,,,,,,,,,,
fumero,a,lechman,,,,,,,,,,,,,
fumero-diaz,a,lechner,,,,,,,,,,,,,
fumi,a,mayuri,,,,,,,,,,,,,
fumiaki,a,mayville,,,,,,,,,,,,,
fumie,a,maywalt,,,,,,,,,,,,,
fumihiko,a,mayweather,,,,,,,,,,,,,
fumihiro,a,maywood,,,,,,,,,,,,,
fumihito,a,mayze,,,,,,,,,,,,,
fumiki,a,mayzes,,,,,,,,,,,,,
fumiko,a,maza,,,,,,,,,,,,,
fumio,a,mazanec,,,,,,,,,,,,,
fumitoshi,a,mazar,,,,,,,,,,,,,
fumiye,a,mazariego,,,,,,,,,,,,,
fumiyo,a,mazariegos,,,,,,,,,,,,,
funch,a,mazdra,,,,,,,,,,,,,
funches,a,maze,,,,,,,,,,,,,
funchess,a,mazell,,,,,,,,,,,,,
funda,a,mazella,,,,,,,,,,,,,
funderburk,a,mazer,,,,,,,,,,,,,
fundora,a,mazerat,,,,,,,,,,,,,
funesvalle,a,mazey,,,,,,,,,,,,,
funez-duran,a,mazhar,,,,,,,,,,,,,
fung,a,maziarz,,,,,,,,,,,,,
funmilayo,a,mazida,,,,,,,,,,,,,
funmilola,a,mazierski,,,,,,,,,,,,,
funs,a,mazikowski,,,,,,,,,,,,,
funsch,a,mazin,,,,,,,,,,,,,
funston,a,mazingo,,,,,,,,,,,,,
fup,a,mazion,,,,,,,,,,,,,
fuqua,a,mazique,,,,,,,,,,,,,
fuquan,a,mazo,,,,,,,,,,,,,
furaha,a,mazon,,,,,,,,,,,,,
fureigh,a,mazor,,,,,,,,,,,,,
furey,a,mazowieski,,,,,,,,,,,,,
furgeson,a,mazuc,,,,,,,,,,,,,
furie,a,mazuera,,,,,,,,,,,,,
furio,a,mazuo,,,,,,,,,,,,,
furiosa,a,mazur,,,,,,,,,,,,,
furious,a,mazurek,,,,,,,,,,,,,
furiya,a,mazurk,,,,,,,,,,,,,
furkan,a,mazurkiewicz,,,,,,,,,,,,,
furkat,a,mazurowski,,,,,,,,,,,,,
furkhan,a,mazy,,,,,,,,,,,,,
furlani,a,mazyck,,,,,,,,,,,,,
furlon,a,mazza,,,,,,,,,,,,,
furlong,a,mazzacano,,,,,,,,,,,,,
furlow,a,mazzaferro,,,,,,,,,,,,,
furman,a,mazzanti,,,,,,,,,,,,,
furmark,a,mazzara,,,,,,,,,,,,,
furnary,a,mazzarella,,,,,,,,,,,,,
furnas,a,mazzariello,,,,,,,,,,,,,
furnell,a,mazzarino,,,,,,,,,,,,,
furney,a,mazzawi,,,,,,,,,,,,,
furnice,a,mazze,,,,,,,,,,,,,
furniss,a,mazzei,,,,,,,,,,,,,
furqaan,a,mazzella,,,,,,,,,,,,,
furqan,a,mazzeo,,,,,,,,,,,,,
furr,a,mazzera,,,,,,,,,,,,,
furrjr,a,mazzetti,,,,,,,,,,,,,
furtado,a,mazzie,,,,,,,,,,,,,
furtek,a,mazzillo,,,,,,,,,,,,,
fury,a,mazzini,,,,,,,,,,,,,
fusae,a,mazzo,,,,,,,,,,,,,
fusako,a,mazzocco,,,,,,,,,,,,,
fusami,a,mazzola,,,,,,,,,,,,,
fusao,a,mazzone,,,,,,,,,,,,,
fusaye,a,mazzoni,,,,,,,,,,,,,
fusco,a,mazzotta,,,,,,,,,,,,,
fuse,a,mazzuca,,,,,,,,,,,,,
fuselier,a,mazzucco,,,,,,,,,,,,,
fushia,a,mazzurco,,,,,,,,,,,,,
fuson,a,mbaied,,,,,,,,,,,,,
fussell,a,mbamalu,,,,,,,,,,,,,
fussnecker,a,mbonu,,,,,,,,,,,,,
fuston,a,mcabee,,,,,,,,,,,,,
futch,a,mcabier,,,,,,,,,,,,,
futo,a,mcaboy,,,,,,,,,,,,,
futoshi,a,mcadam,,,,,,,,,,,,,
futral,a,mcadams,,,,,,,,,,,,,
futrell,a,mcadoo,,,,,,,,,,,,,
fuyao,a,mcadory,,,,,,,,,,,,,
fuyuka,a,mcafee,,,,,,,,,,,,,
fuzail,a,mcaferty,,,,,,,,,,,,,
fyfe,a,mcaffee,,,,,,,,,,,,,
fyke,a,mcalarney,,,,,,,,,,,,,
fyn,a,mcalary,,,,,,,,,,,,,
fynche,a,mcaleer,,,,,,,,,,,,,
fynlay,a,mcaleese,,,,,,,,,,,,,
fynlay-james,a,mcalevy,,,,,,,,,,,,,
fynlee,a,mcalexander,,,,,,,,,,,,,
fynleigh,a,mcalhaney,,,,,,,,,,,,,
fynley,a,mcalhany,,,,,,,,,,,,,
fynlie,a,mcalister,,,,,,,,,,,,,
fynn,a,mcall,,,,,,,,,,,,,
fynnegan,a,mcallen,,,,,,,,,,,,,
fynnigan,a,mcallister,,,,,,,,,,,,,
fynnlay,a,mcalmond,,,,,,,,,,,,,
fynnlea,a,mcaloon,,,,,,,,,,,,,
fynnlee,a,mcalphin,,,,,,,,,,,,,
fynnleigh,a,mcalpin,,,,,,,,,,,,,
fynnley,a,mcalpine,,,,,,,,,,,,,
fynton,a,mcalvain,,,,,,,,,,,,,
fyodor,a,mcamis,,,,,,,,,,,,,
fyona,a,mcanallen,,,,,,,,,,,,,
fyrn,a,mcanally,,,,,,,,,,,,,
fysher,a,mcanany,,,,,,,,,,,,,
fyvie,a,mcanaw,,,,,,,,,,,,,
fyza,a,mcandrew,,,,,,,,,,,,,
fábia,a,mcandrews,,,,,,,,,,,,,
fáfnir,a,mcanelly,,,,,,,,,,,,,
fátima,a,mcaneny,,,,,,,,,,,,,
félicia,a,mcaninch,,,,,,,,,,,,,
félicie,a,mcannally,,,,,,,,,,,,,
félicien,a,mcannich,,,,,,,,,,,,,
félicienne,a,mcanulty,,,,,,,,,,,,,
félicité,a,mcardell,,,,,,,,,,,,,
félix,a,mcardle,,,,,,,,,,,,,
félixa,a,mcaree,,,,,,,,,,,,,
fífa,a,mcarthun,,,,,,,,,,,,,
fíona,a,mcarthur,,,,,,,,,,,,,
fönn,a,mcarthy,,,,,,,,,,,,,
fügen,a,mcartor,,,,,,,,,,,,,
fülöp,a,mcarty,,,,,,,,,,,,,
füsun,a,mcaskill,,,,,,,,,,,,,
f?rat,a,mcatee,,,,,,,,,,,,,
f?ratcan,a,mcateer,,,,,,,,,,,,,
ga-hyun,a,mcaulay,,,,,,,,,,,,,
gaal,a,mcauley,,,,,,,,,,,,,
gaard,a,mcauliffe,,,,,,,,,,,,,
gab,a,mcauly,,,,,,,,,,,,,
gabay,a,mcausland,,,,,,,,,,,,,
gabbanelli,a,mcaveney,,,,,,,,,,,,,
gabbard,a,mcavoy,,,,,,,,,,,,,
gabbert,a,mcbain,,,,,,,,,,,,,
gabbey,a,mcbane,,,,,,,,,,,,,
gabbi,a,mcbath,,,,,,,,,,,,,
gabbie,a,mcbay,,,,,,,,,,,,,
gabbriel,a,mcbean,,,,,,,,,,,,,
gabbriella,a,mcbeath,,,,,,,,,,,,,
gabbrielle,a,mcbee,,,,,,,,,,,,,
gabbriello,a,mcbeth,,,,,,,,,,,,,
gabby,a,mcbrady,,,,,,,,,,,,,
gabe,a,mcbratney,,,,,,,,,,,,,
gabel,a,mcbrayer,,,,,,,,,,,,,
gabelus,a,mcbrearty,,,,,,,,,,,,,
gaber,a,mcbreen,,,,,,,,,,,,,
gaberial,a,mcbride,,,,,,,,,,,,,
gaberiel,a,mcbrien,,,,,,,,,,,,,
gaberielle,a,mcbroom,,,,,,,,,,,,,
gaberille,a,mcbroome,,,,,,,,,,,,,
gabey,a,mcbrown,,,,,,,,,,,,,
gabi,a,mcbryar,,,,,,,,,,,,,
gabia,a,mcbryde,,,,,,,,,,,,,
gabie,a,mcburnett,,,,,,,,,,,,,
gabiel,a,mcburney,,,,,,,,,,,,,
gabiela,a,mcburnie,,,,,,,,,,,,,
gabija,a,mcburrough,,,,,,,,,,,,,
gabil,a,mcburrows,,,,,,,,,,,,,
gabin,a,mccaa,,,,,,,,,,,,,
gabina,a,mccabe,,,,,,,,,,,,,
gabino,a,mccadams,,,,,,,,,,,,,
gabirel,a,mccadden,,,,,,,,,,,,,
gabirelle,a,mccaddon,,,,,,,,,,,,,
gable,a,mccade,,,,,,,,,,,,,
gabler,a,mccafferty,,,,,,,,,,,,,
gabor,a,mccaffery,,,,,,,,,,,,,
gabrael,a,mccaffity,,,,,,,,,,,,,
gabrail,a,mccaffree,,,,,,,,,,,,,
gabrand,a,mccaffrey,,,,,,,,,,,,,
gabreal,a,mccage,,,,,,,,,,,,,
gabreella,a,mccaghren,,,,,,,,,,,,,
gabreial,a,mccague,,,,,,,,,,,,,
gabreil,a,mccahan,,,,,,,,,,,,,
gabreilla,a,mccahill,,,,,,,,,,,,,
gabreille,a,mccaie,,,,,,,,,,,,,
gabrel,a,mccaig,,,,,,,,,,,,,
gabrella,a,mccain,,,,,,,,,,,,,
gabrelle,a,mccaine,,,,,,,,,,,,,
gabria,a,mccalanahan,,,,,,,,,,,,,
gabrial,a,mccaleb,,,,,,,,,,,,,
gabriala,a,mccalebb,,,,,,,,,,,,,
gabrialla,a,mccalip,,,,,,,,,,,,,
gabrialle,a,mccalister,,,,,,,,,,,,,
gabrian,a,mccall,,,,,,,,,,,,,
gabriana,a,mccalla,,,,,,,,,,,,,
gabrianna,a,mccallen,,,,,,,,,,,,,
gabrie,a,mccalley,,,,,,,,,,,,,
gabrieal,a,mccallie,,,,,,,,,,,,,
gabriel,a,mccalligan,,,,,,,,,,,,,
gabriel-cruz,a,mccallion,,,,,,,,,,,,,
gabriel-michael,a,mccallister,,,,,,,,,,,,,
gabriel-ngosa,a,mccallon,,,,,,,,,,,,,
gabriel-vladimir,a,mccallops,,,,,,,,,,,,,
gabriela,a,mccallough,,,,,,,,,,,,,
gabrielah,a,mccallum,,,,,,,,,,,,,
gabrielalexande,a,mccallun,,,,,,,,,,,,,
gabrielangelo,a,mccally,,,,,,,,,,,,,
gabriele,a,mccalman,,,,,,,,,,,,,
gabrieli,a,mccalment,,,,,,,,,,,,,
gabrielis,a,mccalmont,,,,,,,,,,,,,
gabrielius,a,mccalop,,,,,,,,,,,,,
gabrieljohn,a,mccalpane,,,,,,,,,,,,,
gabriell,a,mccalpin,,,,,,,,,,,,,
gabriella,a,mccalvin,,,,,,,,,,,,,
gabriella-frances,a,mccaman,,,,,,,,,,,,,
gabriellah,a,mccamant,,,,,,,,,,,,,
gabriellamarie,a,mccambridge,,,,,,,,,,,,,
gabrielle,a,mccament,,,,,,,,,,,,,
gabrielle-leeanne,a,mccamey,,,,,,,,,,,,,
gabrielli,a,mccamish,,,,,,,,,,,,,
gabriellia,a,mccammack,,,,,,,,,,,,,
gabriellina,a,mccammon,,,,,,,,,,,,,
gabriello,a,mccampbell,,,,,,,,,,,,,
gabrielly,a,mccamy,,,,,,,,,,,,,
gabrielmichael,a,mccan,,,,,,,,,,,,,
gabriels,a,mccance,,,,,,,,,,,,,
gabrielson,a,mccandles,,,,,,,,,,,,,
gabrieluta,a,mccandless,,,,,,,,,,,,,
gabriely,a,mccandlish,,,,,,,,,,,,,
gabriel?,a,mccandliss,,,,,,,,,,,,,
gabrien,a,mccandrew,,,,,,,,,,,,,
gabrijel,a,mccane,,,,,,,,,,,,,
gabrijela,a,mccanless,,,,,,,,,,,,,
gabril,a,mccann,,,,,,,,,,,,,
gabrila,a,mccanna,,,,,,,,,,,,,
gabrille,a,mccannon,,,,,,,,,,,,,
gabrionna,a,mccanse,,,,,,,,,,,,,
gabriyel,a,mccant,,,,,,,,,,,,,
gabrièle,a,mccants,,,,,,,,,,,,,
gabriëlle,a,mccantz,,,,,,,,,,,,,
gabryal,a,mccard,,,,,,,,,,,,,
gabryel,a,mccardell,,,,,,,,,,,,,
gabryela,a,mccardle,,,,,,,,,,,,,
gabryele,a,mccardy,,,,,,,,,,,,,
gabryell,a,mccarey,,,,,,,,,,,,,
gabryella,a,mccargar,,,,,,,,,,,,,
gabryelle,a,mccargo,,,,,,,,,,,,,
gabryl,a,mccarl,,,,,,,,,,,,,
gabryle,a,mccarley,,,,,,,,,,,,,
gabrylle,a,mccarn,,,,,,,,,,,,,
gabrysia,a,mccarney,,,,,,,,,,,,,
gabryszek,a,mccarns,,,,,,,,,,,,,
gabríel,a,mccarr,,,,,,,,,,,,,
gabut,a,mccarraher,,,,,,,,,,,,,
gaby,a,mccarrel,,,,,,,,,,,,,
gachelin,a,mccarrell,,,,,,,,,,,,,
gachette,a,mccarren,,,,,,,,,,,,,
gachot,a,mccarrick,,,,,,,,,,,,,
gacikowski,a,mccarrol,,,,,,,,,,,,,
gacita,a,mccarroll,,,,,,,,,,,,,
gad,a,mccarron,,,,,,,,,,,,,
gada,a,mccarry,,,,,,,,,,,,,
gadalia,a,mccarson,,,,,,,,,,,,,
gadbois,a,mccart,,,,,,,,,,,,,
gadd,a,mccartan,,,,,,,,,,,,,
gaddi,a,mccarte,,,,,,,,,,,,,
gaddiel,a,mccarter,,,,,,,,,,,,,
gaddis,a,mccartha,,,,,,,,,,,,,
gaddy,a,mccarthan,,,,,,,,,,,,,
gadeer,a,mccarther,,,,,,,,,,,,,
gader,a,mccarthey,,,,,,,,,,,,,
gadge,a,mccarthur,,,,,,,,,,,,,
hallin,a,mccarthy,,,,,,,,,,,,,
hallis,a,mccartin,,,,,,,,,,,,,
halljr,a,mccartney,,,,,,,,,,,,,
hallman,a,mccartt,,,,,,,,,,,,,
hallmann,a,mccarty,,,,,,,,,,,,,
hallmar,a,mccarver,,,,,,,,,,,,,
hallmark,a,mccarvill,,,,,,,,,,,,,
hallmon,a,mccarville,,,,,,,,,,,,,
hallmundur,a,mccarvy,,,,,,,,,,,,,
hallock,a,mccary,,,,,,,,,,,,,
halloran,a,mccash,,,,,,,,,,,,,
halloway,a,mccaskell,,,,,,,,,,,,,
hallowell,a,mccaskey,,,,,,,,,,,,,
hallsell,a,mccaskile,,,,,,,,,,,,,
hallstein,a,mccaskill,,,,,,,,,,,,,
hallsteinn,a,mccaskin,,,,,,,,,,,,,
hallsten,a,mccasland,,,,,,,,,,,,,
hallsy,a,mccaslin,,,,,,,,,,,,,
hallum,a,mccaster,,,,,,,,,,,,,
hallums,a,mccastle,,,,,,,,,,,,,
hallur,a,mccastler,,,,,,,,,,,,,
hallvard,a,mccathern,,,,,,,,,,,,,
hallvarður,a,mccathran,,,,,,,,,,,,,
hallveig,a,mccatty,,,,,,,,,,,,,
hally,a,mccaughan,,,,,,,,,,,,,
hallye,a,mccaughey,,,,,,,,,,,,,
halm,a,mccaul,,,,,,,,,,,,,
halmar,a,mccauley,,,,,,,,,,,,,
haloa,a,mccaulley,,,,,,,,,,,,,
halona,a,mccaulsky,,,,,,,,,,,,,
halonna,a,mccausland,,,,,,,,,,,,,
halper,a,mccaw,,,,,,,,,,,,,
halpern,a,mccawley,,,,,,,,,,,,,
halsey,a,mccawthan,,,,,,,,,,,,,
halstead,a,mccay,,,,,,,,,,,,,
halsted,a,mccelland,,,,,,,,,,,,,
halsten,a,mcchain,,,,,,,,,,,,,
halston,a,mcchargue,,,,,,,,,,,,,
halsy,a,mcchesney,,,,,,,,,,,,,
halszka,a,mcchristian,,,,,,,,,,,,,
halter,a,mcchristion,,,,,,,,,,,,,
halton,a,mcchriston,,,,,,,,,,,,,
haluk,a,mccier,,,,,,,,,,,,,
halvaard,a,mcciskill,,,,,,,,,,,,,
halvar,a,mcclafferty,,,,,,,,,,,,,
halvard,a,mcclaflin,,,,,,,,,,,,,
halverson,a,mcclaim,,,,,,,,,,,,,
halvor,a,mcclain,,,,,,,,,,,,,
haly,a,mcclaine,,,,,,,,,,,,,
halyard,a,mcclair,,,,,,,,,,,,,
halye,a,mcclallen,,,,,,,,,,,,,
halyn,a,mcclam,,,,,,,,,,,,,
halyna,a,mcclamb,,,,,,,,,,,,,
halynn,a,mcclamma,,,,,,,,,,,,,
hama,a,mcclammy,,,,,,,,,,,,,
hamaad,a,mcclamroch,,,,,,,,,,,,,
hamachi,a,mcclamrock,,,,,,,,,,,,,
hamack,a,mcclamy,,,,,,,,,,,,,
hamad,a,mcclanahan,,,,,,,,,,,,,
hamadi,a,mcclanan,,,,,,,,,,,,,
hamaker,a,mcclane,,,,,,,,,,,,,
hamal,a,mcclaney,,,,,,,,,,,,,
haman,a,mcclaran,,,,,,,,,,,,,
hamann,a,mcclard,,,,,,,,,,,,,
hamas,a,mcclaren,,,,,,,,,,,,,
hamayak,a,mcclarey,,,,,,,,,,,,,
hamayal,a,mcclarin,,,,,,,,,,,,,
hamayel,a,mcclarnon,,,,,,,,,,,,,
hamaz,a,mcclarrie,,,,,,,,,,,,,
hambartsum,a,mcclarty,,,,,,,,,,,,,
hambaugh,a,mcclary,,,,,,,,,,,,,
hamberg,a,mcclaskey,,,,,,,,,,,,,
hambers,a,mcclatcher,,,,,,,,,,,,,
hambley,a,mcclatchey,,,,,,,,,,,,,
hamblin,a,paup,,,,,,,,,,,,,
hambrick,a,pausch,,,,,,,,,,,,,
hamburger,a,paustian,,,,,,,,,,,,,
hamby,a,pautauros,,,,,,,,,,,,,
hambyjr,a,pautler,,,,,,,,,,,,,
hamd,a,pautlitz,,,,,,,,,,,,,
hamda,a,pautz,,,,,,,,,,,,,
hamdaan,a,pauza,,,,,,,,,,,,,
hamdah,a,pav,,,,,,,,,,,,,
hamdan,a,pava-valderrama,,,,,,,,,,,,,
hamdi,a,pavan,,,,,,,,,,,,,
hamdia,a,pavano,,,,,,,,,,,,,
hamdija,a,pavao,,,,,,,,,,,,,
hamdiye,a,paveglio,,,,,,,,,,,,,
hamdo,a,pavek,,,,,,,,,,,,,
hamdy,a,pavel,,,,,,,,,,,,,
hamed,a,pavelec,,,,,,,,,,,,,
hameda,a,pavelich,,,,,,,,,,,,,
hameed,a,pavelka,,,,,,,,,,,,,
hameeda,a,pavelko,,,,,,,,,,,,,
hameedah,a,pavella,,,,,,,,,,,,,
hameedio,a,pavelski,,,,,,,,,,,,,
hameem,a,paventi,,,,,,,,,,,,,
hameen,a,pavese,,,,,,,,,,,,,
hamel,a,pavesi,,,,,,,,,,,,,
hamelin,a,pavey,,,,,,,,,,,,,
hament,a,pavi,,,,,,,,,,,,,
hamer,a,pavia,,,,,,,,,,,,,
hamera,a,pavich,,,,,,,,,,,,,
hamet,a,pavick,,,,,,,,,,,,,
hamford,a,pavilus,,,,,,,,,,,,,
hamforrd,a,paviol,,,,,,,,,,,,,
hamfurd,a,paviolitis,,,,,,,,,,,,,
hami,a,pavis,,,,,,,,,,,,,
hamid,a,pavish,,,,,,,,,,,,,
hamida,a,pavitra,,,,,,,,,,,,,
hamidah,a,pavlac,,,,,,,,,,,,,
hamide,a,pavlak,,,,,,,,,,,,,
hamideh,a,pavlakovich,,,,,,,,,,,,,
hamidiye,a,pavlas,,,,,,,,,,,,,
hamidollah,a,pavlat,,,,,,,,,,,,,
hamidou,a,pavletic,,,,,,,,,,,,,
hamidullah,a,pavlica,,,,,,,,,,,,,
